date,day,rubric,post_no,title,primary_goal,needs_user_input,status,notes
2026-10-10,Sat,Кухня,1,"Как выглядит запрос изнутри: от списка позиций до котировки",brand,"Один реальный запрос без названия компании или честная пометка «пример»",planned,"Текст; без лица/кружка"
2026-10-13,Tue,Radar,2,"5–7 позиций из текущего прайса, у каждой сценарий и причина",leads,"Свежий прайс с остатками",planned,"#radar"
2026-10-15,Thu,Разбор,3,"Как сравнить две котировки: 8 строк, которые чаще всего расходятся",leads+brand,"При наличии — обезличенное сравнение",planned,"#разбор"
2026-10-17,Sat,AI,4,"Сколько стоит рутина: формула для оценки автоматизации",brand,"Один реальный процесс или честный пример",planned,"#ai"
2026-10-20,Tue,Radar,5,"Один комплект под задачу",leads,"Свежий прайс; выбор типовой задачи",planned,"#radar"
2026-10-22,Thu,Разбор,6,"Аналог и подмена: где проходит граница",brand,"Не требуется",planned,"#разбор"
2026-10-24,Sat,Кухня,7,"Три ошибки в ТЗ на закупку, которые я вижу чаще других",brand,"Только подтверждённые наблюдения; без вымышленных кейсов",planned,"#кухня; текст вместо кружка"
2026-10-27,Tue,Radar,8,"Что изменилось в наличии за три недели",leads,"Свежий прайс и предыдущий срез",planned,"#radar"
2026-10-29,Thu,Кейс/Разбор,9,"Разбор реальной закупки",leads,"Разрешение клиента; если нет — явно маркированный «пример» без выдумывания фактов",planned,"#разбор"
2026-10-31,Sat,AI,10,"Что я автоматизирую в собственной работе и сколько это экономит",brand,"Реальные цифры или честно «пока без замера»",planned,"#ai; текст без лица"
2026-11-03,Tue,Radar,11,"Radar + опрос: какие категории разбирать в ноябре",leads,"Свежий прайс",planned,"#radar"
2026-11-05,Thu,Кухня,12,"Итоги первого месяца",brand,"Фактические метрики за 30 дней",planned,"#кухня"
